"DESCRIPTION","DURATION IN MS","NAME","PARENT SUITE","START TIME","STATUS","STOP TIME","SUB SUITE","SUITE","TEST CLASS","TEST METHOD"
"","949","Создание курьера с корректными данными","tests","2026-10-01","passed","2026-10-01","TestCreateCourier","test_create_courier","",""
"","415","Создание курьера без логина","tests","2026-10-01","passed","2026-10-01","TestCreateCourier","test_create_courier","",""
"","780","Создание курьера без пароля","tests","2026-10-01","passed","2026-10-01","TestCreateCourier","test_create_courier","",""
"","8499","Авторизация курьера с неверным паролем","tests","2026-10-01","passed","2026-10-01","TestLoginCourier","test_login_courier","",""
"","22658","Создание заказа с разными вариантами цвета","tests","2026-10-01","passed","2026-10-01","TestCreateOrder","test_create_order","",""
"","17797","Получение списка заказов","tests","2026-10-01","passed","2026-10-01","TestGetOrders","test_get_orders","",""
"","7752","Авторизация несуществующего курьера","tests","2026-10-01","passed","2026-10-01","TestLoginCourier","test_login_courier","",""
"","476","Создание заказа с разными вариантами цвета","tests","2026-10-01","passed","2026-10-01","TestCreateOrder","test_create_order","",""
"","1335","Авторизация курьера без логина","tests","2026-10-01","passed","2026-10-01","TestLoginCourier","test_login_courier","",""
"","8105","Авторизация курьера с корректными данными","tests","2026-10-01","passed","2026-10-01","TestLoginCourier","test_login_courier","",""
"","8046","Создание курьера без имени","tests","2026-10-01","passed","2026-10-01","TestCreateCourier","test_create_courier","",""
"","39131","Авторизация курьера без пароля","tests","2026-10-01","passed","2026-10-01","TestLoginCourier","test_login_courier","",""
"","9176","Создание курьера с уже существующим логином","tests","2026-10-01","passed","2026-10-01","TestCreateCourier","test_create_courier","",""
"","453","Создание заказа с разными вариантами цвета","tests","2026-10-01","passed","2026-10-01","TestCreateOrder","test_create_order","",""
"","580","Создание заказа с разными вариантами цвета","tests","2026-10-01","passed","2026-10-01","TestCreateOrder","test_create_order","",""
